ADDRESS,BLDG_DESC,YEAR_BUILT,BLDG_FEET,LATITUDE,LONGITUDE
4502 47 Avenue,1 Storey & Basement,1947,1451.389947,52.7719046,-111.6892761
1 Birch Street,1 Storey Basementless,2004,3138.402457,52.7715786,-111.6858444
5201 51 Avenue,1 Storey & Basement,1946,1687.978336,52.7779519,-111.689528
5103 51 Avenue,1 Storey & Basement,1974,2059.998006,52.7779519,-111.689528
5003 51 Avenue,2 Storey & Basement,2003,2875.997217,52.7786463,-111.698384
5007 53A Street,1 Storey Basementless,2008,3879.856245,52.7768437,-111.7029976
5005 53A Street,Basement,1982,1408.99451,52.7768437,-111.7029976
4829 53 Street,1 Storey & Basement,1963,1320.73053,52.7754885,-111.701794
5001 53A Street,1 3/4 Storey & Basement,1921,1486.49459,52.7768437,-111.7029976
4602 47 Avenue,1 Storey & Basement,1944,870.79951,52.7717043,-111.6913518
4604 47 Avenue,1 Storey Basementless,1950,985.97324,52.7718681,-111.6931806
4820 46 Street,1 Storey & Basement,1940,666.28541,52.7749846,-111.6900703
4802 46 Street,1 1/2 Storey & Basement,1945,1692.300358,52.7749846,-111.6900703
4906 46 Street,1 Storey & Basement,1978,1833.09217,52.7756958,-111.6898578
4806 46A Street,1 Storey & Basement,2014,2444.997634,52.77371,-111.6901565
4814 46A Street,1 Storey & Basement,1996,1555.38355,52.7742483,-111.6898533
4818 46A Street,Split Entry,1991,1626.42529,52.7744988,-111.6899201
4821 53 Street,1 Storey & Basement,1990,1639.34197,52.7749126,-111.7019597
4817 53 Street,Foundation - Basementless,1993,1418.68202,52.7743873,-111.7020419
4825 53 Street,2 Storey Basementless,1991,1635.03641,52.7751669,-111.7020161
4826 49 Street,1 Storey & Basement,1948,809.44528,52.7750951,-111.6948253
4818 49 Street,1 Storey & Basement,1950,839.5842,52.7749025,-111.6948728
4814 49 Street,1 Storey & Basement,1935,970.90378,52.7748098,-111.6949399
4719 48 Avenue,1 Storey & Basement,1959,1247.998792,52.7738223,-111.6934749
4719 48 Ave,Foundationless,1978,599.9994194,52.7738223,-111.6934749
4813 46 Street,1 Storey & Basement,1953,1043.02191,52.7744124,-111.6909288
4825 46 Street,1 Storey Basementless,1929,800.83416,52.7748261,-111.6909607
4970 47 Street,1 Storey & Basement,1951,1061.998972,52.7764283,-111.6913032
4958 47 Street,1 Storey & Basement,1955,959.06349,52.7761762,-111.691398
4934 47 Street,1 Storey & Basement,1946,1513.40434,52.7756801,-111.691682
4918 47 Street,1 3/4 Storey & Basement,1912,1244.952674,52.775485,-111.691645
4901 46 Street,1 1/2 Storey & Basement,1912,1666.036442,52.7754102,-111.6909138
4909 46 Street,Basement,1976,1311.04302,52.7754725,-111.6907942
4917 46 Street,1 Storey & Basement,1980,1119.4456,52.7756967,-111.6907692
4925 46 Street,1 Storey & Basement,1943,937.53569,52.7759666,-111.6904537
4933 46 Street,1 Storey & Basement,1964,1067.77888,52.7764012,-111.690621
4934 48 Street,1 Storey & Basement,1945,816.98001,52.7764565,-111.6929539
4930 48 Street,1 3/4 Storey & Basement,1932,963.153772,52.7764105,-111.6930571
4926 48 Street,1 Storey & Basement,1930,1067.77888,52.7762175,-111.6930905
4922 48 Street,1 Storey & Basement,1956,800.83416,52.7760401,-111.6930463
4938 49 Street,1 1/2 Storey Basementless,1945,1808.3352,52.776611,-111.694491
4934 49 Street,1 Storey & Basement,1937,886.94536,52.7765626,-111.6944962
4930 49 Street,1 Storey & Basement,2003,1158.19564,52.7763995,-111.6944315
4926 49 Street,1 Storey & Basement,2004,1034.41079,52.7762889,-111.6945502
4922 49 Street,1 Storey & Basement,1941,645.834,52.7761454,-111.6945971
4914 49 Street,1 Storey & Basement,1960,895.55648,52.7758783,-111.6946315
4906 49 Street,1 Storey & Basement,1939,612.46591,52.7755996,-111.6947215
4902 49 Street,1 Storey & Basement,1958,983.82046,52.7754627,-111.6947961
4909 48 Street,1 Storey & Basement,1960,936.4593,52.775506,-111.6939541
4921 48 Street,1 Storey & Basement,1966,935.38291,52.7756732,-111.6939169
4925 48 Street,1 Storey & Basement,2000,1255.07074,52.7757289,-111.6939046
4925 48 Street,1 Storey & Basement,2000,1255.07074,52.7757289,-111.6939046
4931 48 Street,1 Storey & Basement,2007,1202.32763,52.7758125,-111.693886
4931 48 Street,1 Storey & Basement,2007,1320.216233,52.7758125,-111.693886
4931 48 Street,1 Storey & Basement,2007,1202.32763,52.7758125,-111.693886
4818 50 Street,1 Storey & Basement,1945,822.36196,52.7748989,-111.6967646
4810 50 Street,1 Storey & Basement,1943,862.18839,52.7747241,-111.6966561
4806 50 Street,1 Storey & Basement,1940,668.43819,52.7746368,-111.6967581
4802 50 Street,1 Storey & Basement,1945,737.32715,52.7742075,-111.6966565
4801 49 Street,1 Storey & Basement,1945,396.11152,52.774392,-111.695803
4809 49 Street,1 Storey Basementless,1949,608.16035,52.7745284,-111.6958293
4817 49 Street,1 Storey Basementless,1952,840.66059,52.7746601,-111.6957994
4829 49 Street,1 Storey Basementless,1952,1004.27187,52.7748292,-111.6954123
4837 49 Street,1 Storey Basementless,1945,610.31313,52.7750064,-111.6957207
4849 49 Street,1 Storey & Basement,1992,1557.53633,52.7752328,-111.6957095
4922 50 Street,Split Entry,1975,1184.029,52.7765238,-111.6966028
4925 49 Street,1 Storey & Basement,1944,948.29959,52.7759519,-111.6953929
4937 49 Street,1 Storey Basementless,1956,1067.77888,52.7761437,-111.6954318
4945 49 Street,2 Storey & Basement,1997,1503.932108,52.7762582,-111.6952872
4953 49 Street,1 Storey & Basement,2008,1539.49851,52.7764066,-111.6952458
4961 49 Street,1 Storey & Basement,1936,1163.57759,52.7765916,-111.6951748
4969 49 Street,1 Storey & Basement,1945,985.97324,52.7767111,-111.6951725
5029 49A Street,1 3/4 Storey & Basement,1926,1663.02255,52.7781675,-111.6963101
5021 49A Street,1 3/4 Storey & Basement,1968,1624.27251,52.7778898,-111.6965031
5017 49A Street,1 3/4 Storey & Basement,1933,1199.09846,52.7777151,-111.6964989
5013 49A Street,1 3/4 Storey & Basement,1915,1026.87606,52.7775782,-111.6965259
5009 49A Street,1 3/4 Storey & Basement,1935,1732.9879,52.7774901,-111.6964474
5001 49A Street,1 Storey & Basement,1928,1198.02207,52.7770981,-111.6966157
5038 49A Street,1 Storey & Basement,1959,922.46623,52.7784331,-111.6956894
5030 49A Street,1 Storey & Basement,1990,1341.18194,52.7780599,-111.6958301
5022 49A Street,1 Storey & Basement,1997,1552.15438,52.7778542,-111.6957731
5014 49A Street,1 Storey & Basement,1946,1299.20273,52.7775128,-111.6958939
5006 49A Street,1 Storey & Basement,1996,1553.23077,52.7770473,-111.6960047
4901 50 Avenue,1 Storey & Basement,1965,1073.16083,52.7771467,-111.6960293
5001 49 Street,1 Storey & Basement,1953,1229.23738,52.7769589,-111.6951409
5013 49 Street,1 Storey Basementless,1931,848.19532,52.7772373,-111.6950841
5021 49 Street,1 Storey & Basement,1946,911.70233,52.7774238,-111.695046
5029 49 Street,1 Storey & Basement,1978,1162.5012,52.7775448,-111.6950972
5037 49 Street,1 3/4 Storey Basementless,1958,2232.43286,52.7776748,-111.6949948
5053 49 Street,1 Storey & Basement,1958,959.06349,52.7779417,-111.6948883
5061 49 Street,1 Storey & Basement,1959,1504.79322,52.778103,-111.6949073
5073 49 Street,1 Storey & Basement,1953,1006.42465,52.7783386,-111.6948592
4902 51 Avenue,1 Storey & Basement,1963,478.99355,52.7785113,-111.6956115
5062 49 Street,1 Storey & Basement,1953,833.12586,52.7780797,-111.6941379
5050 49 Street,1 Storey Basementless,1931,1471.42513,52.7779271,-111.6940616
5034 49 Street,1 1/2 Storey Basementless,1939,1412.008402,52.7777341,-111.694101
5018 49 Street,1 Storey Basementless,1951,973.05656,52.7775411,-111.6941404
5002 49 Street,1 Storey Basementless,1962,2228.1273,52.7773481,-111.6941798
5001 48 Street,2 Storey & Basement,1928,1558.61272,52.7768299,-111.6935737
5009 48 Street,1 Storey Basementless,1954,1295.97356,52.7771886,-111.693451
5017 48 Street,1 1/2 Storey Basementless,1922,1438.487596,52.7774706,-111.69343
5021 48 Street,1 Storey Basementless,1918,724.41047,52.7776098,-111.6933987
5025 48 Street,1 Storey Basementless,1931,680.27848,52.7777491,-111.6933675
5029 48 Street,1 1/2 Storey & Basement,1949,1286.931884,52.777878,-111.6932116
5033 48 Street,1 Storey & Basement,1949,1608.12666,52.7780286,-111.693168
5038 48 Street,Split Entry,1981,1267.98742,52.7781483,-111.692517
5022 48 Street,1 Storey & Basement,1929,621.07703,52.7775599,-111.6927279
5018 48 Street,1 Storey & Basement,2002,1065.6261,52.7775028,-111.6926619
5014 48 Street,1 Storey & Basement,1939,1248.6124,52.7774521,-111.6926733
5002 48 Street,1 Storey & Basement,1936,1148.50813,52.7773001,-111.6927074
5001 47 Street,1 Storey & Basement,1954,864.34117,52.7767455,-111.6914032
5013 47 Street,1 Storey & Basement,1946,1159.27203,52.7769333,-111.6920651
5025 47 Street,Basement,1976,912.77872,52.7771796,-111.6920112
5033 47 Street,Basement,1976,912.77872,52.7773437,-111.6919753
5030 48 Street,1 1/2 Storey Basementless,1923,1345.272222,52.7779364,-111.6925646
5049 47 Street,1 Storey & Basement,1983,1976.25204,52.7776726,-111.6919105
5073 47 Street,1 Storey & Basement,1964,1038.71635,52.7779463,-111.6918563
5038 47 Street,1 Storey & Basement,1932,756.70217,52.7776258,-111.6911439
5026 47 Street,1 Storey & Basement,1962,768.54246,52.7772379,-111.6912012
5002 47 Street,2 Storey & Basement,1949,2428.33584,52.7767455,-111.6914032
5014 47 Street,2 Storey & Basement,1997,1666.998387,52.7770516,-111.6912575
5001 46 Street,1 Storey & Basement,1974,1345.4875,52.7765554,-111.6905489
5009 46 Street,Split Entry,1969,1143.12618,52.7769011,-111.6904589
5017 46 Street,Split Entry,1972,1231.39016,52.7772466,-111.6903689
5017 46 Street,Lower Level Finish,1972,,52.7772466,-111.6903689
5025 46 Street,Split Entry,1984,1692.08508,52.7775922,-111.6902789
5033 46 Street,1 Storey & Basement,1969,1265.83464,52.7779378,-111.6901889
5050 47 Street,1 Storey & Basement,1964,1019.34133,52.7780116,-111.6910595
4906 50 Avenue,1 Storey & Basement,1958,911.70233,52.7765412,-111.6930317
4904 50 Avenue,1 Storey & Basement,1960,1037.63996,52.776815,-111.6963859
4902 50 Avenue,1 Storey & Basement,1959,816.98001,52.7765412,-111.6930317
5050 50 Street,1 Storey & Basement,1983,1636.625857,52.778108,-111.6970317
5033 49A Street,1 Storey & Basement,1910,1226.00821,52.778484,-111.6963004
5018 46 Street,Split Entry,1989,1470.34874,52.7778674,-111.6894494
5014 46 Street,1 Storey & Basement,2009,1666.998387,52.7775013,-111.6895975
5010 46 Street,1 Storey & Basement,1991,2053.75212,52.7772186,-111.6896183
5006 46 Street,1 Storey & Basement,1983,1499.41127,52.7769408,-111.6896907
5002 46 Street,Split Entry,1964,1734.089885,52.7766685,-111.6898205
5001 45 Street,Split Entry,1986,1021.49411,52.7765657,-111.6888194
5005 45 Street,1 Storey & Basement,1992,1343.33472,52.7769297,-111.6889154
5009 45 Street,Split Entry,1988,1175.41788,52.7771918,-111.6889217
5013 45 Street,1 Storey & Basement,1987,1876.14777,52.7774529,-111.6887324
5017 45 Street,1 Storey & Basement,1987,1686.70313,52.7776898,-111.6888426
4801 50 Street,Foundationless,2007,1523.09185,52.7739931,-111.6975115
4813 50 Street,1 Storey Basementless,1932,835.27864,52.7744786,-111.6975112
4825 50 Street,1 Storey & Basement,1974,1245.38323,52.774964,-111.6972949
4833 50 Street,1 Storey & Basement,1949,950.45237,52.7751588,-111.6974697
4845 50 Street,1 Storey & Basement,1951,808.36889,52.7753463,-111.6973398
4842 51 Street,1 Storey Basementless,1942,888.02175,52.7753453,-111.6982716
4834 51 Street,1 Storey Basementless,1959,1286.28605,52.7751829,-111.6982602
4822 51 Street,1 Storey & Basement,1952,787.91748,52.7750555,-111.6981999
4802 51 Street,1 Storey & Basement,1971,1699.61981,52.7748426,-111.6983847
5017 48 Avenue,Foundationless,1980,1052.70942,52.7741426,-111.6979808
4901 50 Street,1 3/4 Storey Basementless,1944,1064.54971,52.7758932,-111.697528
4909 50 Street,1 Storey & Basement,1978,1137.74423,52.7759807,-111.6975275
4925 50 Street,1 Storey Basementless,1942,1061.32054,52.7761556,-111.6975265
4933 50 Street,1 Storey & Basement,1963,785.7647,52.7762432,-111.6973531
4945 50 Street,1 3/4 Storey Basementless,1937,1185.10539,52.7765013,-111.6975246
4953 50 Street,1 Storey & Basement,1918,761.00773,52.7766735,-111.6975236
5002 50 Street,1 Storey Basementless,1938,1202.32763,52.7775091,-111.6970279
5008 50 Avenue,1 Storey & Basement,1986,1383.16115,52.7768484,-111.6978144
5014 50 Avenue,1 Storey Basementless,1930,961.21627,52.7768515,-111.6980273
5018 50 Avenue,1 Storey Basementless,1930,1154.96647,52.7768612,-111.6982629
4942 51 Street,1 Storey & Basement,1977,894.48009,52.7761615,-111.6982033
4934 51 Street,1 Storey Basementless,1930,768.54246,52.7761145,-111.6982031
4926 51 Street,1 Storey & Basement,1948,1152.81369,52.7760675,-111.6982029
4914 51 Street,1 Storey & Basement,1950,721.1813,52.7759967,-111.6983637
4902 51 Street,1 Storey Basementless,1949,808.36889,52.7758824,-111.6982021
5009 50 Street,1 Storey & Basement,1978,1038.71635,52.7774792,-111.6965843
5017 50 Street,1 Storey & Basement,1947,1054.8622,52.7780655,-111.6974188
5037 50 Street,Split Entry,1963,1119.4456,52.7785024,-111.6974294
5011 50 Avenue,1 Storey Basementless,1931,920.31345,52.7773287,-111.6979864
5005 50 Avenue,1 Storey Basementless,1946,1829.863,52.7773228,-111.697631
5001 50 Avenue,2 Storey & Basement,1962,3205.48942,52.7773351,-111.6973934
4901 51 Street,1 Storey Basementless,1926,942.91764,52.7755425,-111.6989467
4909 51 Street,1 Storey & Basement,1965,815.90362,52.7758039,-111.6989132
4917 51 Street,1 Storey & Basement,1933,641.52844,52.7759772,-111.6989486
4925 51 Street,1 Storey & Basement,1936,1079.61917,52.7761506,-111.6987863
4938 52 Street,1 Storey & Basement,1942,1477.88347,52.7770083,-111.6996741
4922 52 Street,1 Storey & Basement,1948,924.61901,52.7760027,-111.699708
4910 52 Street,1 Storey & Basement,1984,1154.96647,52.775864,-111.6997465
4902 52 Street,1 Storey & Basement,1949,912.77872,52.7758067,-111.6997008
4801 51 Street,1 Storey & Basement,1939,861.112,52.7741024,-111.6989824
4809 51 Street,1 Storey & Basement,1963,1874.966393,52.7749419,-111.6988235
4825 51 Street,1 Storey & Basement,1953,994.58436,52.7751972,-111.6989893
4837 51 Street,1 Storey Basementless,1935,933.23013,52.7753894,-111.6989905
4830 52 Street,1 Storey & Basement,1966,1285.20966,52.7752921,-111.6997513
4822 52 Street,1 Storey & Basement,1959,959.06349,52.7751057,-111.6998075
4810 52 Street,Foundation - Basementless,1993,1212.01514,52.7749047,-111.6997116
4802 52 Street,1 Storey Basementless,1939,778.22997,52.7742154,-111.6996815
5117 48 Avenue,Foundationless,1972,996.73714,52.7742871,-111.6997195
5113 48 Avenue,1 Storey & Basement,1950,933.23013,52.7743592,-111.6995235
5107 48 Avenue,1 Storey & Basement,2002,1486.49459,52.7743509,-111.6991976
5101 48 Avenue,Split Entry,1977,1020.41772,52.7743185,-111.6988771
4801 52 Street,Split Entry,1982,1208.78597,52.7742266,-111.7004968
4809 52 Street,Split Entry,1965,1317.998725,52.7745642,-111.7004843
4821 52 Street,1 Storey & Basement,1957,721.1813,52.7750706,-111.7004654
4814 53 Street,1 Storey & Basement,1939,1092.001556,52.7754103,-111.7011695
4802 53 Street,Foundationless,2007,1218.47348,52.7749273,-111.7012537
5211 48 Avenue,Foundationless,1970,912.77872,52.7745277,-111.7012111
5205 48 Avenue,1 Storey Basementless,1986,1406.84173,52.7744687,-111.7006122
5201 48 Avenue,1 Storey & Basement,1952,832.04947,52.7744553,-111.7005719
4901 52 Street,1 1/2 Storey & Basement,1947,1158.841474,52.7755527,-111.7004563
4913 52 Street,1 Storey & Basement,2006,1226.00821,52.7759015,-111.7004649
4929 52 Street,1 Storey & Basement,1986,1253.99435,52.7762051,-111.7003343
4945 52 Street,1 Storey & Basement,1937,681.35487,52.776406,-111.7004089
4953 52 Street,1 Storey & Basement,1937,677.04931,52.7764999,-111.7003326
5202 50 Avenue,1 Storey & Basement,1949,753.473,52.7768734,-111.7003747
5206 50 Avenue,1 Storey & Basement,1964,1061.32054,52.7769168,-111.7005976
5212 50 Avenue,1 Storey & Basement,1959,1052.70942,52.7768572,-111.7009743
5216 50 Avenue,1 Storey & Basement,1959,864.34117,52.7768558,-111.7014014
4942 53 Street,1 3/4 Storey & Basement,1940,1290.59161,52.7764811,-111.7012765
4930 53 Street,1 Storey & Basement,1975,970.90378,52.7761876,-111.7012618
4918 53 Street,1 Storey & Basement,1958,1229.23738,52.7759135,-111.7011609
4902 53 Street,Split Entry,1990,1586.59886,52.7755494,-111.7011691
4929 53 Street,1 Storey & Basement,1964,935.38291,52.7768581,-111.7018859
4925 53 Street,1 Storey & Basement,1968,1095.76502,52.7767567,-111.7018532
4921 53 Street,1 Storey & Basement,1964,950.45237,52.776497,-111.7019377
4917 53 Street,1 Storey & Basement,1972,1037.63996,52.7762349,-111.7019313
4909 53 Street,1 Storey & Basement,1973,1383.16115,52.7760601,-111.7019269
4901 53 Street,Split Entry,1963,1027.737172,52.7758359,-111.7019519
5101 50 Street,1 Storey & Basement,1974,1442.3626,52.7800249,-111.6974129
5105 50 Street,1 Storey & Basement,2012,1797.99826,52.780246,-111.6974041
5109 50 Street,1 Storey & Basement,2012,1701.998353,52.7804671,-111.6974027
5113 50 Street,Split Entry,1986,1255.07074,52.7806883,-111.6973999
5117 50 Street,1 Storey & Basement,1985,1217.39709,52.780784,-111.6973957
5102 52 Avenue,Foundationless,1984,1153.89008,52.7808231,-111.6971055
5106 52 Avenue,Foundationless,1978,1182.535763,52.7808224,-111.6982742
5110 52 Avenue,Foundationless,1978,1346.56389,52.7808224,-111.6985971
5114 52 Avenue,1 Storey & Basement,1978,1075.31361,52.7808222,-111.6989199
12 Bluejay Crescent,1 Storey & Basement,1982,1171.11232,52.7804198,-111.6987951
11 Bluejay Crescent,Foundationless,1974,1276.59854,52.7804055,-111.6984401
10 Bluejay Crescent,Foundationless,1978,1570.45301,52.7801929,-111.6989757
9 Bluejay Crescent,Basement,1980,1247.53601,52.7802214,-111.6990152
7 Bluejay Crescent,Foundationless,1975,1497.25849,52.7800113,-111.6988864
3 Bluejay Crescent,Foundationless,1976,1318.653831,52.7805059,-111.6991625
2 Bluejay Crescent,Foundationless,1970,672.74375,52.7807039,-111.6992983
1 Bluejay Crescent,Foundationless,1976,1116.618824,52.7809653,-111.6990206
6 Bluejay Crescent,Foundationless,1974,1112.98726,52.7804369,-111.6990168
5 Bluejay Crescent,1 Storey & Basement,1977,1680.24479,52.7801861,-111.6993151
4801 51 Avenue,1 Storey & Basement,1965,1038.71635,52.7784975,-111.6932747
4803 51 Avenue,1 Storey & Basement,1975,976.28573,52.7785335,-111.6936022
4805 51 Avenue,1 Storey & Basement,1961,1143.12618,52.7785267,-111.6938872
4807 51 Avenue,1 Storey & Basement,1975,1152.81369,52.778384,-111.694425
4809 51 Avenue,1 Storey & Basement,1975,1075.31361,52.7786425,-111.6944136
4811 51 Avenue,1 Storey & Basement,1975,1075.31361,52.7786214,-111.6948946
1 McLean Crescent West,1 Storey & Basement,1975,1119.4456,52.7786502,-111.6954363
3 McLean Crescent West,1 Storey & Basement,1978,1312.11941,52.7789465,-111.6955496
5 McLean Crescent West,1 Storey & Basement,1975,1152.81369,52.7791027,-111.695196
7 McLean Crescent West,1 Storey & Basement,1975,1435.90426,52.7790698,-111.6949008
9 McLean Crescent West,1 Storey & Basement,1974,864.34117,52.7790509,-111.6945629
11 McLean Crescent West,Split Entry,1975,1126.98033,52.7790236,-111.6942524
13 McLean Crescent West,1 Storey & Basement,1973,864.34117,52.7789764,-111.6938494
15 McLean Crescent West,1 Storey & Basement,1973,864.34117,52.7789243,-111.6933724
17 McLean Crescent West,1 Storey & Basement,1968,936.4593,52.7789121,-111.6930405
2 McLean Crescent West,1 Storey & Basement,1972,864.34117,52.778748,-111.696032
4 McLean Crescent West,1 Storey & Basement,1967,987.04963,52.7789647,-111.696042
6 McLean Crescent West,1 Storey & Basement,1965,1399.307,52.7791814,-111.6960541
8 McLean Crescent West,1 Storey & Basement,1966,871.8759,52.7793665,-111.6960627
10 McLean Crescent West,1 Storey & Basement,1966,1037.63996,52.7794773,-111.6959332
12 McLean Crescent West,1 Storey & Basement,1966,1126.98033,52.779457,-111.6955311
14 McLean Crescent West,1 Storey & Basement,1969,1406.84173,52.7793947,-111.6951366
16 McLean Crescent West,1 Storey & Basement,1969,1287.36244,52.7793802,-111.6946585
18 McLean Crescent West,1 Storey & Basement,1973,1175.41788,52.7793594,-111.6943076
20 McLean Crescent West,1 Storey & Basement,1969,951.52876,52.7793121,-111.6940854
22 McLean Crescent West,Split Entry,1977,1175.41788,52.779271,-111.6937066
24 McLean Crescent West,1 Storey & Basement,1977,871.8759,52.7792903,-111.6933947
26 McLean Crescent West,Split Entry,1974,755.62578,52.7792645,-111.6931096
5114 50 Street,Foundation - Basementless,1974,1248.6124,52.7796509,-111.6967202
5110 50 Street,1 Storey & Basement,1976,1152.81369,52.7793696,-111.696722
5106 50 Street,1 Storey & Basement,1975,1432.67509,52.779147,-111.6967872
5102 50 Street,Split Entry,1965,1175.41788,52.7787631,-111.6966834
28 McLean Crescent East,1 Storey & Basement,1958,1856.77275,52.7795107,-111.6921674
32 McLean Crescent East,1 Storey Basementless,1986,1790.03657,52.7794603,-111.6912853
4605A 51 Avenue,1 Storey & Basement,1977,1741.59902,52.7783218,-111.6902401
25 McLean Cres.East,Foundationless,2013,1519.998529,52.7789939,-111.6906682
19 McLean Crescent East,Basement,1974,1176.49427,52.7791928,-111.6925168
21 McLean Crescent East,Foundationless,1973,1009.65382,52.7791202,-111.6919151
23 McLean Crescent East,Foundationless,2010,1519.998529,52.7789939,-111.6906682
4701 51 Avenue,1 Storey & Basement,1968,1599.552773,52.7780647,-111.6907878
4703 51 Avenue,1 3/4 Storey & Basement,1951,1983.78677,52.7784443,-111.6917772
4705 51 Avenue,1 Storey & Basement,1937,782.53553,52.7785104,-111.6917909
4707 51 Avenue,1 Storey & Basement,1958,1275.417783,52.7785132,-111.6918208
5102 48 Street,1 Storey & Basement,1979,967.67461,52.7782618,-111.6924946
1 Meadowlark Drive,1 Storey & Basement,1979,1064.54971,52.7800508,-111.6919707
3 Meadowlark Drive,1 Storey & Basement,1979,1391.77227,52.7800276,-111.691582
5 Meadowlark Drive,Split Entry,1980,1171.11232,52.7800273,-111.6913491
7 Meadowlark Drive,1 Storey & Basement,1978,1241.07767,52.7800213,-111.6911326
9 Meadowlark Drive,1 Storey & Basement,2007,1589.82803,52.7800282,-111.6905913
11 Macdonald Close Sout,1 Storey & Basement,1983,1426.21675,52.780901,-111.690653
13 Macdonald Close Sout,Split Entry,1979,1119.4456,52.780901,-111.690653
8 Mackenzie Drive,2 Storey & Basement,2008,2400.314269,52.7804508,-111.6892001
6 Mackenzie Drive,1 Storey & Basement,1980,1086.07751,52.7800892,-111.6891226
4 Mackenzie Drive,1 Storey & Basement,2011,1643.998409,52.7798976,-111.6892221
2 Mackenzie Drive,1 Storey & Basement,1980,1137.74423,52.7797058,-111.6893165
7 Mackenzie Drive,Foundation - Basementless,1997,1232.46655,52.7801326,-111.6886356
9 Mackenzie Drive,Basement,1981,1060.24415,52.7801745,-111.6885903
11 Mackenzie Drive,Foundationless,1983,1134.51506,52.7804151,-111.6886095
13 Mackenzie Drive,Foundationless,2009,1215.998823,52.7805904,-111.6885833
2 Meadowlark Drive,1 Storey & Basement,1979,1411.14729,52.7803915,-111.6917256
4 Meadowlark Drive,1 Storey & Basement,1979,1424.06397,52.7803636,-111.6914323
6 Meadowlark Drive,Split Entry,1980,1307.81385,52.7803676,-111.6911662
8 Macdonald Close Nort,Split Entry,1978,1298.12634,52.7804611,-111.6906071
10 Macdonald Close Nort,2 Storey & Basement,1980,1499.41127,52.7805228,-111.690626
12 Macdonald Close Nort,Split Entry,1980,1120.52199,52.7805844,-111.6906451
14 Macdonald Close Nort,Split Entry,1980,1280.9041,52.7806461,-111.6906642
16 Macdonald Close Nort,2 Storey & Basement,1978,2172.15502,52.7806137,-111.6906232
18 Macdonald Close Nort,2 Storey & Basement,1979,2541.35679,52.7806598,-111.6906935
20 Macdonald Close Nort,1 Storey & Basement,1978,1333.64721,52.7810507,-111.6905018
22 Macdonald Close Nort,1 Storey & Basement,1978,1248.6124,52.7808752,-111.6902179
24 Macdonald Close Nort,1 Storey & Basement,1979,1405.76534,52.7806291,-111.6900951
26 Meadowlark Drive,1 Storey & Basement,1980,1124.82755,52.7805782,-111.6897529
28 Meadowlark Drive,1 Storey & Basement,1980,1138.82062,52.7806399,-111.6895024
15 Macdonald Close Sout,1 Storey & Basement,1980,1442.674423,52.780901,-111.690653
17 Meadowlark Drive,Split Entry,1979,1187.25817,52.7802135,-111.6897598
17 Mackenzie Drive,Foundationless,2004,1318.473383,52.7808361,-111.6885479
19 Mackenzie Drive,Foundation - Basementless,1985,1545.69604,52.7810693,-111.6885102
21 Mackenzie Drive,Foundation - Basementless,1993,1806.18242,52.7813111,-111.6885204
23 Mackenzie Drive,Foundationless,1973,1206.730253,52.7814366,-111.6884357
25 Mackenzie Drive,Foundationless,2008,1221.998817,52.7815795,-111.6885097
27 Mackenzie Drive,Foundationless,1976,1405.76534,52.7817217,-111.6885343
29 Mackenzie Drive,1 Storey & Basement,2003,1680.24479,52.7819377,-111.6884992
31 Mackenzie Drive,Split Entry,1988,1006.42465,52.7821902,-111.6884837
33 Mackenzie Drive,Split Entry,1989,1419.75841,52.7824106,-111.6884915
33 Mackenzie Drive,Lower Level Finish,1989,,52.7824106,-111.6884915
35 Mackenzie Drive,2 Storey Basementless,1988,1873.99499,52.7826355,-111.6884852
37 Mackenzie Drive,Split Entry,1989,1138.82062,52.7828102,-111.6884735
39 Mackenzie Drive,1 Storey & Basement,1973,1039.79274,52.7830745,-111.6884498
41 Mackenzie Drive,1 Storey & Basement,1998,1076.39,52.7833852,-111.6884836
41 Mackenzie Drive,1 Storey & Basement,1998,1076.39,52.7833852,-111.6884836
43 Mackenzie Drive,2 Storey & Basement,1998,1807.269779,52.783559,-111.6884602
45 Mackenzie Drive,1 Storey & Basement,1995,2092.50216,52.7838977,-111.6884523
47 Mackenzie Drive,1 Storey & Basement,1996,1513.40434,52.7840954,-111.6883875
51 Mackenzie Drive,1 Storey & Basement,2004,1639.34197,52.7843971,-111.688394
53 Mackenzie Drive,1 Storey & Basement,2007,1416.52924,52.7847366,-111.6883885
55 Mackenzie Drive,1 Storey & Basement,2006,1542.46687,52.7849473,-111.688389
4 Canary Crescent,1 Storey & Basement,1987,1641.49475,52.7811491,-111.689376
6 Canary Crescent,1 Storey & Basement,1985,1326.11248,52.78126,-111.6896022
8 Canary Crescent,1 Storey & Basement,1986,1135.59145,52.7813946,-111.6897966
10 Canary Crescent,1 Storey & Basement,1984,1743.998312,52.7814801,-111.6900513
12 Canary Crescent,1 Storey & Basement,1985,1354.09862,52.7816684,-111.6902426
14 Canary Crescent,1 Storey & Basement,1984,1780.34906,52.7818369,-111.6904156
16 Canary Crescent,1 Storey & Basement,1984,1647.95309,52.7820375,-111.6903655
18 Canary Crescent,1 Storey & Basement,1992,1212.01514,52.7821779,-111.6903649
20 Canary Crescent,1 Storey & Basement,1983,1217.998821,52.7823425,-111.6902073
22 Canary Crescent,1 Storey & Basement,1982,1131.28589,52.7825344,-111.6901133
24 Canary Crescent,Split Level & Crawl Space,1982,1164.65398,52.7826642,-111.6901345
26 Canary Crescent,1 Storey & Basement,1985,1412.22368,52.7827779,-111.6900363
28 Canary Crescent,1 Storey & Basement,1982,1320.73053,52.7830893,-111.6899547
30 Canary Crescent,Split Entry,1983,1773.89072,52.7832666,-111.6900129
32 Canary Crescent,1 Storey & Basement,1984,1387.46671,52.7833064,-111.6894916
34 Canary Crescent,1 Storey & Basement,1987,1218.47348,52.7833835,-111.6892553
36 Canary Crescent,1 Storey & Basement,1985,1371.32086,52.7833497,-111.6890058
35 Bluebird Place,Split Entry,2014,1264.948776,52.7840943,-111.6886904
36 Bluebird Place,1 Storey & Basement,2004,960.13988,52.7838097,-111.689273
37 Bluebird Place,1 Storey & Basement,2004,1201.25124,52.7837766,-111.6895989
38 Bluebird Place,1 Storey & Basement,1989,1551.07799,52.7838298,-111.6897791
40 Bluebird Place,1 Storey & Basement,1990,1693.16147,52.7839784,-111.6898848
41 Bluebird Place,1 Storey & Basement,1990,1575.83496,52.7840332,-111.6897697
42 Bluebird Place,Split Entry,2007,1312.11941,52.7841115,-111.6895648
43 Bluebird Place,1 Storey & Basement,1998,1426.21675,52.7840996,-111.6892604
44 Bluebird Place,1 Storey & Basement,2007,1484.34181,52.7841169,-111.688917
45 Oriole Place,1 Storey & Basement,2007,1599.51554,52.7847011,-111.6886668
46 Oriole Place,1 Storey & Basement,1996,1426.21675,52.7847011,-111.6886668
47 Oriole Place,1 Storey & Basement,1995,1384.23754,52.7845416,-111.6895049
48 Oriole Place,1 Storey & Basement,1992,1520.93907,52.7845572,-111.6898693
50 Oriole Place,1 Storey & Basement,1990,1390.69588,52.7846985,-111.6900728
51 Oriole Place,1 Storey & Basement,1994,1311.04302,52.7847799,-111.6897903
52 Oriole Place,Split Entry,2008,1349.498694,52.7848391,-111.6895308
53 Oriole Place,1 Storey & Basement,2006,1438.05704,52.784702,-111.6894732
22 Mackenzie Drive,1 Storey & Basement,2009,1131.998905,52.7828315,-111.6889974
20 Mackenzie Drive,Split Entry,1987,1074.23722,52.7826485,-111.6889338
16 Mackenzie Drive,1 Storey & Basement,2007,1496.1821,52.7821404,-111.6889987
14 Mackenzie Drive,1 Storey & Basement,1989,1618.744695,52.7819176,-111.6889949
12 Mackenzie Drive,Split Entry,1987,1074.23722,52.781694,-111.6890417
10 Mackenzie Drive,1 Storey & Basement,2002,1340.10555,52.7814718,-111.6891831
1 Canary Crescent,1 Storey & Basement,1989,1515.320721,52.7818019,-111.6898027
3 Canary Crescent,1 Storey & Basement,1986,1135.59145,52.7820801,-111.6898152
5 Canary Crescent,1 Storey & Basement,2014,1531.998517,52.7822492,-111.6896869
7 Canary Crescent,1 Storey & Basement,1987,1383.16115,52.7824309,-111.6896518
9 Canary Crescent,1 Storey & Basement,1986,1294.89717,52.7826583,-111.6894208
11 Canary Crescent,1 Storey & Basement,1986,1383.16115,52.7829917,-111.6888986
